0	0	192	993	S	3	1	0.0	6.000000e-03	0.0	6.000000e-03	
0	0	360	966	S	0	3	0.0	3.700000e-02	0.0	3.700000e-02	
0	0	548	1000	S	3	0	0.0	1.000000e-03	0.0	1.000000e-03	
0	0	686	-197	S	2	3	8.333333e-01	9.110000e-01	9.166667e-01	9.110000e-01	
0	0	710	157	S	0	3	5.000000e-01	2.760000e-01	3.333333e-01	2.760000e-01	
0	0	827	985	S	3	2	0.0	4.000000e-03	0.0	4.000000e-03	
0	0	947	928	S	3	1	0.0	7.400000e-02	8.333333e-02	7.400000e-02	
0	0	1183	999	S	3	1	0.0	1.000000e-03	0.0	1.000000e-03	
0	0	1511	856	S	0	2	0.0	3.600000e-02	0.0	3.600000e-02	
0	0	1569	-1754	S	2	1	1.0	9.640000e-01	1.0	9.640000e-01	
0	0	1735	992	S	2	1	0.0	4.000000e-03	0.0	4.000000e-03	
0	0	2014	1000	S	2	1	0.0	1.000000e-03	0.0	1.000000e-03	
0	0	2309	109	S	0	1	5.000000e-01	4.410000e-01	3.333333e-01	4.410000e-01	
0	0	2357	967	S	1	2	0.0	1.800000e-02	0.0	1.800000e-02	
0	0	2366	273	S	2	1	0.0	9.400000e-02	8.333333e-02	9.400000e-02	
0	0	2446	998	S	0	3	0.0	2.000000e-03	0.0	2.000000e-03	
0	0	2658	991	S	1	3	0.0	1.800000e-02	0.0	1.800000e-02	
0	0	2717	975	S	2	3	8.333333e-02	2.200000e-02	0.0	2.200000e-02	
0	0	2797	-295	S	1	0	1.0	9.920000e-01	1.0	9.920000e-01	
0	0	2845	862	S	1	2	0.0	1.400000e-02	0.0	1.400000e-02	
0	0	3019	763	S	1	2	1.666667e-01	1.870000e-01	2.500000e-01	1.870000e-01	
0	0	3122	998	S	3	1	0.0	1.000000e-03	0.0	1.000000e-03	
0	0	3216	897	S	2	3	2.500000e-01	1.020000e-01	8.333333e-02	1.020000e-01	
0	0	3329	-572	S	0	2	1.0	1.0	1.0	1.0	
0	0	3642	876	S	1	2	0.0	6.200000e-02	8.333333e-02	6.200000e-02	
0	0	3769	-1380	S	1	0	7.500000e-01	8.140000e-01	9.166667e-01	8.140000e-01	
0	0	3799	1000	S	1	3	0.0	1.000000e-03	0.0	1.000000e-03	
0	0	3813	1000	S	0	3	0.0	1.000000e-03	0.0	1.000000e-03	
0	0	3906	939	S	2	3	0.0	3.000000e-03	0.0	3.000000e-03	
0	0	3937	944	S	3	0	0.0	2.500000e-02	0.0	2.500000e-02	
0	0	4298	981	S	3	2	0.0	1.200000e-02	0.0	1.200000e-02	
0	0	4381	-783	S	1	3	3.333333e-01	4.210000e-01	4.166667e-01	4.210000e-01	
0	0	4492	1000	S	2	0	0.0	1.000000e-03	0.0	1.000000e-03	
0	0	4570	981	S	3	0	0.0	2.000000e-03	0.0	2.000000e-03	
0	0	4643	998	S	2	1	0.0	3.000000e-03	0.0	3.000000e-03	
0	0	4722	-977	S	1	3	5.833333e-01	6.230000e-01	7.500000e-01	6.230000e-01	
0	0	4825	489	S	1	2	2.500000e-01	3.610000e-01	4.166667e-01	3.610000e-01	
0	0	4841	997	S	0	3	0.0	4.000000e-03	0.0	4.000000e-03	
0	0	4910	1000	S	3	2	0.0	1.000000e-03	0.0	1.000000e-03	
0	0	4912	-991	S	0	2	8.333333e-02	8.200000e-02	1.666667e-01	8.200000e-02	
0	0	4946	189	S	3	1	5.833333e-01	4.930000e-01	3.333333e-01	4.930000e-01	
0	0	4980	983	S	3	0	0.0	1.000000e-03	0.0	1.000000e-03	
0	1	59	1000	D	+	-	0.0	1.000000e-03	0.0	1.000000e-03	
0	1	63	-249	D	+	-	6.666667e-01	3.940000e-01	4.166667e-01	3.940000e-01	
0	1	70	-858	D	+	-	1.0	1.0	1.0	1.0	
0	1	81	983	D	+	-	0.0	1.000000e-03	0.0	1.000000e-03	
0	1	101	1000	D	+	-	0.0	1.000000e-03	0.0	1.000000e-03	
0	1	109	993	I	-	+	0.0	8.000000e-03	0.0	8.000000e-03	
0	1	166	-1775	D	+	-	6.666667e-01	3.910000e-01	4.166667e-01	3.910000e-01	
0	1	166	957	I	-	+	0.0	1.700000e-02	0.0	1.700000e-02	
0	1	174	970	I	-	+	0.0	6.000000e-03	0.0	6.000000e-03	
0	1	206	1000	D	+	-	0.0	1.000000e-03	0.0	1.000000e-03	
0	1	210	944	D	+	-	0.0	3.000000e-03	0.0	3.000000e-03	
0	1	228	998	D	+	-	0.0	2.000000e-03	0.0	2.000000e-03	
0	1	232	662	D	+	-	2.500000e-01	1.070000e-01	1.666667e-01	1.070000e-01	
0	1	243	379	I	-	+	5.833333e-01	6.590000e-01	6.666667e-01	6.590000e-01	
0	1	258	992	D	+	-	8.333333e-02	1.000000e-02	0.0	1.000000e-02	
0	1	262	969	D	+	-	0.0	2.800000e-02	0.0	2.800000e-02	
0	1	275	437	D	+	-	4.166667e-01	2.840000e-01	2.500000e-01	2.840000e-01	
0	1	280	999	D	+	-	0.0	2.000000e-03	0.0	2.000000e-03	
0	1	298	830	I	-	+	8.333333e-02	1.110000e-01	8.333333e-02	1.110000e-01	
0	1	325	997	D	+	-	0.0	3.000000e-03	0.0	3.000000e-03	
0	1	346	1000	D	+	-	8.333333e-02	1.000000e-03	0.0	1.000000e-03	
0	1	384	-518	D	+	-	1.0	9.430000e-01	9.166667e-01	9.430000e-01	
0	1	389	997	I	-	+	0.0	1.000000e-03	0.0	1.000000e-03	
0	1	467	672	D	+	-	0.0	7.000000e-02	1.666667e-01	7.000000e-02	
0	1	492	981	D	+	-	0.0	4.000000e-03	0.0	4.000000e-03	
0	1	503	988	I	-	+	0.0	3.000000e-03	0.0	3.000000e-03	
0	1	513	998	S	0	2	0.0	1.000000e-03	0.0	1.000000e-03	
0	1	520	999	I	-	+	0.0	1.000000e-03	0.0	1.000000e-03	
0	1	565	984	S	1	0	0.0	6.000000e-03	0.0	6.000000e-03	
0	1	578	992	I	-	+	0.0	1.100000e-02	0.0	1.100000e-02	
0	1	589	1000	I	-	+	0.0	1.000000e-03	0.0	1.000000e-03	
0	1	610	774	I	-	+	0.0	5.700000e-02	8.333333e-02	5.700000e-02	
0	1	658	511	D	+	-	2.500000e-01	1.170000e-01	1.666667e-01	1.170000e-01	
0	1	674	1000	I	-	+	0.0	1.000000e-03	0.0	1.000000e-03	
0	1	721	-923	D	+	-	5.000000e-01	4.900000e-01	3.333333e-01	4.900000e-01	
0	1	731	267	D	+	-	0.0	1.000000e-02	8.333333e-02	1.000000e-02	
0	1	735	744	D	+	-	2.500000e-01	1.740000e-01	2.500000e-01	1.740000e-01	
0	1	740	-2506	D	+	-	5.000000e-01	5.670000e-01	7.500000e-01	5.670000e-01	
0	1	766	963	I	-	+	0.0	5.000000e-03	0.0	5.000000e-03	
0	1	775	676	I	-	+	8.333333e-02	1.630000e-01	8.333333e-02	1.630000e-01	
0	1	822	-395	D	+	-	5.000000e-01	4.210000e-01	2.500000e-01	4.210000e-01	
0	1	832	989	D	+	-	0.0	1.000000e-02	0.0	1.000000e-02	
0	1	832	-205	D	+	-	5.833333e-01	5.270000e-01	4.166667e-01	5.270000e-01	
0	1	896	1000	I	-	+	0.0	1.000000e-03	0.0	1.000000e-03	
0	1	907	979	I	-	+	0.0	4.000000e-03	0.0	4.000000e-03	
0	1	912	966	S	2	1	0.0	3.000000e-03	0.0	3.000000e-03	
0	1	942	999	I	-	+	0.0	2.000000e-03	0.0	2.000000e-03	
0	1	960	998	I	-	+	0.0	1.000000e-03	0.0	1.000000e-03	
0	1	963	-1656	I	-	+	2.500000e-01	4.120000e-01	2.500000e-01	4.120000e-01	
0	1	995	804	D	+	-	0.0	7.200000e-02	8.333333e-02	7.200000e-02	
0	1	1004	-1271	D	+	-	2.500000e-01	4.120000e-01	2.500000e-01	4.120000e-01	
0	1	1068	635	D	+	-	2.500000e-01	1.610000e-01	1.666667e-01	1.610000e-01	
0	1	1092	-1103	D	+	-	2.500000e-01	4.170000e-01	2.500000e-01	4.170000e-01	
0	1	1111	773	I	-	+	0.0	7.700000e-02	1.666667e-01	7.700000e-02	
0	1	1112	760	S	1	0	8.333333e-02	1.410000e-01	1.666667e-01	1.410000e-01	
0	1	1128	386	D	+	-	1.666667e-01	2.730000e-01	1.666667e-01	2.730000e-01	
0	1	1166	558	D	+	-	8.333333e-02	8.700000e-02	8.333333e-02	8.700000e-02	
0	1	1212	901	S	3	0	0.0	3.000000e-03	0.0	3.000000e-03	
0	1	1218	881	S	3	0	0.0	1.900000e-02	0.0	1.900000e-02	
0	1	1219	-2504	I	-	+	1.0	1.0	1.0	1.0	
0	1	1232	998	D	+	-	0.0	4.000000e-03	0.0	4.000000e-03	
0	1	1286	-688	I	-	+	2.500000e-01	3.990000e-01	2.500000e-01	3.990000e-01	
0	1	1286	1000	D	+	-	0.0	1.000000e-03	0.0	1.000000e-03	
0	1	1293	948	D	+	-	0.0	9.000000e-03	0.0	9.000000e-03	
0	1	1296	876	D	+	-	0.0	4.700000e-02	1.666667e-01	4.700000e-02	
0	1	1296	756	D	+	-	8.333333e-02	1.990000e-01	1.666667e-01	1.990000e-01	
0	1	1324	909	D	+	-	8.333333e-02	1.160000e-01	0.0	1.160000e-01	
0	1	1340	1000	D	+	-	0.0	1.000000e-03	0.0	1.000000e-03	
0	1	1341	961	D	+	-	0.0	8.000000e-03	0.0	8.000000e-03	
0	1	1350	630	D	+	-	2.500000e-01	2.270000e-01	2.500000e-01	2.270000e-01	
0	1	1355	544	D	+	-	8.333333e-02	8.400000e-02	8.333333e-02	8.400000e-02	
0	1	1385	772	D	+	-	0.0	7.200000e-02	8.333333e-02	7.200000e-02	
0	1	1411	1000	S	3	2	0.0	1.000000e-03	0.0	1.000000e-03	
0	1	1459	794	D	+	-	0.0	2.800000e-02	0.0	2.800000e-02	
0	1	1471	21	I	-	+	9.166667e-01	9.010000e-01	9.166667e-01	9.010000e-01	
0	1	1481	1000	D	+	-	0.0	1.000000e-03	0.0	1.000000e-03	
0	1	1517	764	S	2	1	0.0	5.300000e-02	8.333333e-02	5.300000e-02	
0	1	1520	322	D	+	-	8.333333e-02	7.100000e-02	8.333333e-02	7.100000e-02	
0	1	1531	993	I	-	+	0.0	1.100000e-02	0.0	1.100000e-02	
0	1	1571	999	D	+	-	0.0	1.000000e-03	0.0	1.000000e-03	
0	1	1586	995	D	+	-	0.0	5.000000e-03	0.0	5.000000e-03	
0	1	1625	997	I	-	+	0.0	1.000000e-03	0.0	1.000000e-03	
0	1	1667	746	I	-	+	8.333333e-02	1.170000e-01	0.0	1.170000e-01	
0	1	1670	939	D	+	-	8.333333e-02	8.600000e-02	1.666667e-01	8.600000e-02	
0	1	1681	995	I	-	+	0.0	4.000000e-03	0.0	4.000000e-03	
0	1	1684	828	D	+	-	5.000000e-01	1.220000e-01	8.333333e-02	1.220000e-01	
0	1	1726	946	D	+	-	0.0	3.400000e-02	8.333333e-02	3.400000e-02	
0	1	1738	1000	D	+	-	0.0	1.000000e-03	0.0	1.000000e-03	
0	1	1800	992	S	0	3	0.0	1.000000e-03	0.0	1.000000e-03	
0	1	1819	987	D	+	-	0.0	2.000000e-03	8.333333e-02	2.000000e-03	
0	1	1839	943	D	+	-	0.0	9.000000e-03	0.0	9.000000e-03	
0	1	1840	988	D	+	-	0.0	3.000000e-03	0.0	3.000000e-03	
0	1	1857	263	D	+	-	0.0	1.760000e-01	1.666667e-01	1.760000e-01	
0	1	1860	1000	D	+	-	0.0	1.000000e-03	0.0	1.000000e-03	
0	1	1878	988	D	+	-	0.0	2.000000e-03	0.0	2.000000e-03	
0	1	1887	992	D	+	-	0.0	3.000000e-03	0.0	3.000000e-03	
0	1	1889	86	I	-	+	9.166667e-01	7.440000e-01	7.500000e-01	7.440000e-01	
0	1	1906	989	D	+	-	0.0	5.000000e-03	0.0	5.000000e-03	
0	1	2013	-304	I	-	+	9.166667e-01	8.530000e-01	8.333333e-01	8.530000e-01	
0	1	2056	974	S	1	3	0.0	7.000000e-03	0.0	7.000000e-03	
0	1	2084	-367	D	+	-	9.166667e-01	8.600000e-01	8.333333e-01	8.600000e-01	
0	1	2097	368	D	+	-	8.333333e-02	7.300000e-02	8.333333e-02	7.300000e-02	
0	1	2128	-387	I	-	+	9.166667e-01	8.600000e-01	8.333333e-01	8.600000e-01	
0	1	2184	-379	D	+	-	9.166667e-01	8.590000e-01	8.333333e-01	8.590000e-01	
0	1	2248	684	D	+	-	0.0	4.100000e-02	8.333333e-02	4.100000e-02	
0	1	2252	935	I	-	+	0.0	1.000000e-03	0.0	1.000000e-03	
0	1	2252	-2344	D	+	-	1.0	1.0	1.0	1.0	
0	1	2255	-2050	D	+	-	1.0	1.0	1.0	1.0	
0	1	2279	997	D	+	-	0.0	4.000000e-03	0.0	4.000000e-03	
0	1	2284	-147	D	+	-	4.166667e-01	6.930000e-01	6.666667e-01	6.930000e-01	
0	1	2290	405	D	+	-	8.333333e-02	7.800000e-02	8.333333e-02	7.800000e-02	
0	1	2292	-1699	I	-	+	1.0	1.0	1.0	1.0	
0	1	2324	908	I	-	+	0.0	4.000000e-03	0.0	4.000000e-03	
0	1	2326	752	D	+	-	8.333333e-02	1.590000e-01	8.333333e-02	1.590000e-01	
0	1	2357	820	I	-	+	8.333333e-02	4.400000e-02	8.333333e-02	4.400000e-02	
0	1	2371	984	D	+	-	0.0	3.000000e-03	0.0	3.000000e-03	
0	1	2373	1000	I	-	+	0.0	1.000000e-03	0.0	1.000000e-03	
0	1	2390	998	D	+	-	0.0	1.000000e-03	0.0	1.000000e-03	
0	1	2391	-2142	S	0	2	1.0	1.0	1.0	1.0	
0	1	2396	914	D	+	-	0.0	9.000000e-03	0.0	9.000000e-03	
0	1	2406	978	D	+	-	0.0	1.000000e-03	0.0	1.000000e-03	
0	1	2416	943	S	3	2	0.0	2.000000e-03	0.0	2.000000e-03	
0	1	2416	452	D	+	-	8.333333e-02	1.690000e-01	1.666667e-01	1.690000e-01	
0	1	2438	64	D	+	-	9.166667e-01	7.910000e-01	7.500000e-01	7.910000e-01	
0	1	2460	673	S	0	1	8.333333e-01	5.700000e-01	5.000000e-01	5.700000e-01	
0	1	2466	224	I	-	+	8.333333e-02	1.690000e-01	1.666667e-01	1.690000e-01	
0	1	2475	995	D	+	-	0.0	3.000000e-03	0.0	3.000000e-03	
0	1	2486	-121	S	3	0	8.333333e-01	7.210000e-01	6.666667e-01	7.210000e-01	
0	1	2507	1000	S	2	3	0.0	1.000000e-03	0.0	1.000000e-03	
0	1	2537	950	D	+	-	0.0	6.500000e-02	1.666667e-01	6.500000e-02	
0	1	2572	-208	D	+	-	7.500000e-01	6.400000e-01	6.666667e-01	6.400000e-01	
0	1	2586	372	D	+	-	8.333333e-02	8.700000e-02	8.333333e-02	8.700000e-02	
0	1	2591	990	I	-	+	0.0	6.000000e-03	0.0	6.000000e-03	
0	1	2607	-882	I	-	+	1.0	1.0	1.0	1.0	
0	1	2637	983	I	-	+	0.0	5.000000e-03	0.0	5.000000e-03	
0	1	2641	896	S	0	2	8.333333e-02	1.250000e-01	0.0	1.250000e-01	
0	1	2644	981	D	+	-	0.0	1.700000e-02	0.0	1.700000e-02	
0	1	2686	822	I	-	+	0.0	7.900000e-02	1.666667e-01	7.900000e-02	
0	1	2776	-512	D	+	-	1.0	1.0	1.0	1.0	
0	1	2822	374	D	+	-	8.333333e-02	9.300000e-02	8.333333e-02	9.300000e-02	
0	1	2878	991	D	+	-	0.0	3.000000e-03	0.0	3.000000e-03	
0	1	2890	-719	S	3	1	1.0	1.0	1.0	1.0	
0	1	2891	895	D	+	-	8.333333e-02	1.100000e-01	8.333333e-02	1.100000e-01	
0	1	2905	-273	D	+	-	2.500000e-01	4.300000e-01	1.666667e-01	4.300000e-01	
0	1	2913	864	S	0	1	8.333333e-02	7.100000e-02	8.333333e-02	7.100000e-02	
0	1	2963	976	I	-	+	0.0	1.700000e-02	0.0	1.700000e-02	
0	1	2963	1000	I	-	+	0.0	1.000000e-03	0.0	1.000000e-03	
0	1	2990	-283	S	2	3	9.166667e-01	9.070000e-01	9.166667e-01	9.070000e-01	
0	1	3063	857	I	-	+	5.000000e-01	1.190000e-01	8.333333e-02	1.190000e-01	
0	1	3065	580	D	+	-	8.333333e-02	9.300000e-02	8.333333e-02	9.300000e-02	
0	1	3071	996	S	3	2	0.0	3.000000e-03	0.0	3.000000e-03	
0	1	3079	969	D	+	-	0.0	5.000000e-03	0.0	5.000000e-03	
0	1	3084	986	D	+	-	0.0	4.000000e-03	0.0	4.000000e-03	
0	1	3098	-120	I	-	+	6.666667e-01	4.010000e-01	5.000000e-01	4.010000e-01	
0	1	3103	-1645	S	3	2	1.0	1.0	1.0	1.0	
0	1	3135	910	I	-	+	8.333333e-02	7.100000e-02	8.333333e-02	7.100000e-02	
0	1	3137	998	I	-	+	8.333333e-02	1.000000e-03	0.0	1.000000e-03	
0	1	3144	886	D	+	-	8.333333e-02	3.300000e-02	8.333333e-02	3.300000e-02	
0	1	3159	996	D	+	-	0.0	2.000000e-03	0.0	2.000000e-03	
0	1	3174	-1797	D	+	-	1.0	1.0	1.0	1.0	
0	1	3249	-245	D	+	-	8.333333e-01	8.340000e-01	8.333333e-01	8.340000e-01	
0	1	3269	967	I	-	+	0.0	7.000000e-03	0.0	7.000000e-03	
0	1	3317	421	D	+	-	0.0	1.630000e-01	8.333333e-02	1.630000e-01	
0	1	3360	-300	D	+	-	2.500000e-01	3.770000e-01	2.500000e-01	3.770000e-01	
0	1	3385	-139	I	-	+	2.500000e-01	3.800000e-01	2.500000e-01	3.800000e-01	
0	1	3404	-1654	D	+	-	1.0	1.0	1.0	1.0	
0	1	3457	748	D	+	-	0.0	1.200000e-02	8.333333e-02	1.200000e-02	
0	1	3457	-882	D	+	-	8.333333e-01	6.660000e-01	7.500000e-01	6.660000e-01	
0	1	3480	-1484	S	2	3	1.666667e-01	3.340000e-01	2.500000e-01	3.340000e-01	
0	1	3494	543	I	-	+	8.333333e-02	2.390000e-01	8.333333e-02	2.390000e-01	
0	1	3594	981	D	+	-	0.0	2.000000e-03	0.0	2.000000e-03	
0	1	3613	908	D	+	-	0.0	1.200000e-02	8.333333e-02	1.200000e-02	
0	1	3632	972	I	-	+	8.333333e-02	1.600000e-02	0.0	1.600000e-02	
0	1	3634	840	S	2	1	8.333333e-02	1.340000e-01	8.333333e-02	1.340000e-01	
0	1	3660	995	D	+	-	0.0	3.000000e-03	0.0	3.000000e-03	
0	1	3793	952	D	+	-	0.0	3.100000e-02	8.333333e-02	3.100000e-02	
0	1	3813	930	I	-	+	4.166667e-01	7.800000e-02	8.333333e-02	7.800000e-02	
0	1	3824	972	D	+	-	0.0	1.100000e-02	0.0	1.100000e-02	
0	1	3835	963	I	-	+	8.333333e-02	1.200000e-02	0.0	1.200000e-02	
0	1	3842	952	I	-	+	0.0	5.500000e-02	1.666667e-01	5.500000e-02	
0	1	3847	728	I	-	+	0.0	1.200000e-02	8.333333e-02	1.200000e-02	
0	1	3848	-427	I	-	+	1.0	1.0	1.0	1.0	
0	1	3867	988	D	+	-	0.0	1.700000e-02	0.0	1.700000e-02	
0	1	3869	-1524	S	1	2	1.0	1.0	1.0	1.0	
0	1	3877	845	I	-	+	8.333333e-02	9.200000e-02	0.0	9.200000e-02	
0	1	3911	698	D	+	-	8.333333e-02	9.300000e-02	8.333333e-02	9.300000e-02	
0	1	3918	987	I	-	+	0.0	2.000000e-03	0.0	2.000000e-03	
0	1	3950	999	I	-	+	0.0	2.000000e-03	0.0	2.000000e-03	
0	1	3951	190	D	+	-	8.333333e-02	1.180000e-01	8.333333e-02	1.180000e-01	
0	1	3962	826	D	+	-	8.333333e-02	3.900000e-02	8.333333e-02	3.900000e-02	
0	1	3973	996	S	1	3	0.0	1.000000e-03	0.0	1.000000e-03	
0	1	4034	749	D	+	-	0.0	5.500000e-02	1.666667e-01	5.500000e-02	
0	1	4056	760	I	-	+	0.0	8.700000e-02	0.0	8.700000e-02	
0	1	4061	1000	D	+	-	0.0	1.000000e-03	0.0	1.000000e-03	
0	1	4089	979	S	3	1	0.0	2.200000e-02	0.0	2.200000e-02	
0	1	4095	-1688	I	-	+	8.333333e-02	1.260000e-01	8.333333e-02	1.260000e-01	
0	1	4105	-1249	D	+	-	8.333333e-02	1.260000e-01	8.333333e-02	1.260000e-01	
0	1	4164	990	I	-	+	0.0	2.800000e-02	0.0	2.800000e-02	
0	1	4177	999	D	+	-	0.0	1.000000e-03	0.0	1.000000e-03	
0	1	4270	453	I	-	+	8.333333e-02	1.230000e-01	8.333333e-02	1.230000e-01	
0	1	4308	797	D	+	-	0.0	1.800000e-02	0.0	1.800000e-02	
0	1	4312	286	I	-	+	0.0	1.460000e-01	1.666667e-01	1.460000e-01	
0	1	4322	964	D	+	-	0.0	2.900000e-02	8.333333e-02	2.900000e-02	
0	1	4322	949	D	+	-	0.0	1.200000e-02	0.0	1.200000e-02	
0	1	4335	973	D	+	-	0.0	1.800000e-02	0.0	1.800000e-02	
0	1	4340	769	S	2	1	8.333333e-02	1.030000e-01	8.333333e-02	1.030000e-01	
0	1	4349	254	S	2	1	0.0	4.600000e-02	1.666667e-01	4.600000e-02	
0	1	4385	-783	D	+	-	1.0	1.0	1.0	1.0	
0	1	4391	997	D	+	-	0.0	1.000000e-03	0.0	1.000000e-03	
0	1	4407	419	D	+	-	0.0	1.450000e-01	1.666667e-01	1.450000e-01	
0	1	4434	663	D	+	-	0.0	1.060000e-01	1.666667e-01	1.060000e-01	
0	1	4451	-1038	I	-	+	1.0	1.0	1.0	1.0	
0	1	4469	909	I	-	+	8.333333e-02	8.100000e-02	8.333333e-02	8.100000e-02	
0	1	4504	996	I	-	+	0.0	1.000000e-03	0.0	1.000000e-03	
0	1	4506	924	I	-	+	0.0	8.000000e-03	0.0	8.000000e-03	
0	1	4515	-8	S	1	2	5.000000e-01	6.290000e-01	5.833333e-01	6.290000e-01	
0	1	4541	966	I	-	+	0.0	1.100000e-02	0.0	1.100000e-02	
0	1	4551	925	I	-	+	0.0	5.000000e-03	0.0	5.000000e-03	
0	1	4557	996	S	2	3	0.0	3.000000e-03	0.0	3.000000e-03	
0	1	4581	245	I	-	+	2.500000e-01	2.360000e-01	1.666667e-01	2.360000e-01	
0	1	4581	954	D	+	-	3.333333e-01	7.400000e-02	8.333333e-02	7.400000e-02	
0	1	4588	366	D	+	-	0.0	1.200000e-02	0.0	1.200000e-02	
0	1	4627	960	I	-	+	0.0	3.000000e-03	0.0	3.000000e-03	
0	1	4643	814	S	0	2	0.0	1.700000e-02	0.0	1.700000e-02	
0	1	4656	999	D	+	-	0.0	1.000000e-03	0.0	1.000000e-03	
0	1	4665	694	D	+	-	8.333333e-02	5.500000e-02	8.333333e-02	5.500000e-02	
0	1	4712	888	D	+	-	0.0	2.300000e-02	8.333333e-02	2.300000e-02	
0	1	4748	656	D	+	-	4.166667e-01	2.180000e-01	2.500000e-01	2.180000e-01	
0	1	4794	963	S	0	2	0.0	7.000000e-03	0.0	7.000000e-03	
0	1	4826	987	D	+	-	0.0	7.000000e-03	0.0	7.000000e-03	
0	1	4832	469	I	-	+	8.333333e-02	7.600000e-02	8.333333e-02	7.600000e-02	
0	1	4844	981	S	3	0	0.0	8.000000e-03	0.0	8.000000e-03	
0	1	4883	987	D	+	-	0.0	3.000000e-03	0.0	3.000000e-03	
0	1	4894	-69	D	+	-	7.500000e-01	6.610000e-01	6.666667e-01	6.610000e-01	
0	1	4914	991	S	2	0	0.0	2.000000e-03	0.0	2.000000e-03	
0	1	4925	724	S	1	2	1.666667e-01	7.400000e-02	8.333333e-02	7.400000e-02	
0	1	4950	500	D	+	-	0.0	1.200000e-02	0.0	1.200000e-02	
0	1	4977	650	D	+	-	0.0	1.050000e-01	1.666667e-01	1.050000e-01	
0	1	4987	955	D	+	-	0.0	2.800000e-02	0.0	2.800000e-02	
0	1	4999	762	D	+	-	8.333333e-02	1.400000e-01	2.500000e-01	1.400000e-01	
0	1	5017	792	D	+	-	0.0	7.300000e-02	0.0	7.300000e-02	
0	1	5017	942	D	+	-	8.333333e-02	3.500000e-02	8.333333e-02	3.500000e-02	
0	1	5043	-1735	D	+	-	1.0	1.0	1.0	1.0	
0	1	5044	996	I	-	+	0.0	5.000000e-03	0.0	5.000000e-03	
0	1	5049	-846	I	-	+	1.0	1.0	1.0	1.0	
0	1	5126	-858	S	1	0	1.0	1.0	1.0	1.0	
0	1	5136	805	D	+	-	0.0	1.300000e-01	1.666667e-01	1.300000e-01	
0	1	5137	571	S	0	3	0.0	1.200000e-02	0.0	1.200000e-02	
0	1	5283	997	D	+	-	0.0	3.000000e-03	0.0	3.000000e-03	
0	1	5290	-657	I	-	+	1.666667e-01	4.940000e-01	4.166667e-01	4.940000e-01	
0	1	5346	447	I	-	+	5.000000e-01	2.740000e-01	3.333333e-01	2.740000e-01	
0	1	5350	948	D	+	-	0.0	1.000000e-03	0.0	1.000000e-03	
0	1	5370	610	I	-	+	0.0	2.350000e-01	3.333333e-01	2.350000e-01	
0	1	5406	922	D	+	-	0.0	1.700000e-02	0.0	1.700000e-02	
0	1	5428	371	D	+	-	5.000000e-01	2.740000e-01	3.333333e-01	2.740000e-01	
0	1	5446	835	D	+	-	0.0	1.200000e-01	2.500000e-01	1.200000e-01	
0	1	5516	916	I	-	+	0.0	3.000000e-02	0.0	3.000000e-02	
0	1	5541	-165	D	+	-	5.000000e-01	3.200000e-01	2.500000e-01	3.200000e-01	
0	1	5563	956	S	0	2	0.0	1.000000e-03	0.0	1.000000e-03	
0	1	5569	75	D	+	-	1.666667e-01	2.360000e-01	8.333333e-02	2.360000e-01	
0	1	5572	-102	D	+	-	1.666667e-01	2.360000e-01	8.333333e-02	2.360000e-01	
0	1	5580	815	I	-	+	3.333333e-01	1.490000e-01	1.666667e-01	1.490000e-01	
0	1	5620	980	D	+	-	0.0	1.200000e-02	0.0	1.200000e-02	
0	1	5628	-1165	S	3	0	1.0	1.0	1.0	1.0	
0	1	5649	940	D	+	-	0.0	2.000000e-03	0.0	2.000000e-03	
0	1	5661	907	S	3	1	0.0	2.400000e-02	8.333333e-02	2.400000e-02	
0	1	5667	987	D	+	-	0.0	7.000000e-03	0.0	7.000000e-03	
0	1	5718	620	I	-	+	3.333333e-01	1.480000e-01	1.666667e-01	1.480000e-01	
0	1	5747	991	S	3	1	0.0	7.000000e-03	0.0	7.000000e-03	
0	1	5756	998	S	1	3	0.0	1.000000e-03	0.0	1.000000e-03	
0	1	5771	-87	D	+	-	1.666667e-01	2.410000e-01	2.500000e-01	2.410000e-01	
0	1	5830	970	D	+	-	8.333333e-02	1.700000e-02	0.0	1.700000e-02	
0	1	5853	999	I	-	+	0.0	2.000000e-03	0.0	2.000000e-03	
0	1	5872	55	S	1	3	3.333333e-01	3.210000e-01	2.500000e-01	3.210000e-01	
0	1	5905	1000	I	-	+	0.0	1.000000e-03	8.333333e-02	1.000000e-03	
0	1	5906	981	D	+	-	0.0	7.000000e-03	8.333333e-02	7.000000e-03	
0	1	5910	1000	D	+	-	0.0	1.000000e-03	0.0	1.000000e-03	
0	1	5921	854	D	+	-	0.0	5.800000e-02	0.0	5.800000e-02	
0	1	5930	561	S	3	1	0.0	6.200000e-02	8.333333e-02	6.200000e-02	
0	1	5931	993	D	+	-	0.0	3.000000e-03	0.0	3.000000e-03	
0	1	5945	59	D	+	-	6.666667e-01	3.890000e-01	3.333333e-01	3.890000e-01	
0	1	5955	-171	S	0	3	1.666667e-01	2.730000e-01	3.333333e-01	2.730000e-01	
0	1	5982	971	D	+	-	0.0	6.000000e-03	0.0	6.000000e-03	
0	1	5985	246	S	3	2	6.666667e-01	3.890000e-01	3.333333e-01	3.890000e-01	
0	1	6073	-300	I	-	+	1.666667e-01	2.760000e-01	3.333333e-01	2.760000e-01	
0	1	6114	981	I	-	+	0.0	1.300000e-02	0.0	1.300000e-02	
0	1	6141	998	D	+	-	0.0	1.000000e-03	0.0	1.000000e-03	
0	1	6153	999	S	1	3	0.0	2.000000e-03	0.0	2.000000e-03	
0	1	6177	972	D	+	-	1.666667e-01	1.400000e-02	0.0	1.400000e-02	
0	1	6194	760	D	+	-	0.0	1.700000e-02	0.0	1.700000e-02	
0	1	6199	974	D	+	-	8.333333e-02	3.000000e-03	0.0	3.000000e-03	
0	1	6203	-1176	D	+	-	1.0	1.0	1.0	1.0	
0	1	6242	-70	D	+	-	6.666667e-01	4.440000e-01	3.333333e-01	4.440000e-01	
0	1	6253	834	S	2	1	0.0	3.000000e-03	0.0	3.000000e-03	
0	1	6272	749	D	+	-	2.500000e-01	1.810000e-01	8.333333e-02	1.810000e-01	
0	1	6287	992	D	+	-	0.0	5.000000e-03	0.0	5.000000e-03	
0	1	6309	-839	S	3	1	1.0	1.0	1.0	1.0	
0	1	6350	708	S	1	3	1.666667e-01	1.320000e-01	1.666667e-01	1.320000e-01	
0	1	6365	993	D	+	-	0.0	3.000000e-03	0.0	3.000000e-03	
0	1	6367	1000	D	+	-	0.0	1.000000e-03	0.0	1.000000e-03	
0	1	6373	511	D	+	-	5.833333e-01	7.060000e-01	8.333333e-01	7.060000e-01	
0	1	6393	701	D	+	-	0.0	3.600000e-02	0.0	3.600000e-02	
0	1	6408	891	S	0	1	2.500000e-01	1.060000e-01	0.0	1.060000e-01	
0	1	6452	990	D	+	-	0.0	5.000000e-03	0.0	5.000000e-03	
0	1	6455	631	D	+	-	0.0	1.700000e-02	0.0	1.700000e-02	
0	1	6456	980	D	+	-	1.666667e-01	1.300000e-02	0.0	1.300000e-02	
0	1	6468	997	S	0	3	0.0	5.000000e-03	0.0	5.000000e-03	
0	1	6510	922	I	-	+	0.0	3.700000e-02	0.0	3.700000e-02	
0	1	6565	1000	D	+	-	0.0	1.000000e-03	8.333333e-02	1.000000e-03	
0	1	6584	994	D	+	-	0.0	4.000000e-03	0.0	4.000000e-03	
0	1	6586	631	D	+	-	3.333333e-01	4.730000e-01	5.000000e-01	4.730000e-01	
0	1	6605	978	D	+	-	0.0	3.200000e-02	0.0	3.200000e-02	
0	1	6605	991	D	+	-	0.0	3.000000e-03	0.0	3.000000e-03	
0	1	6605	924	D	+	-	0.0	5.900000e-02	8.333333e-02	5.900000e-02	
0	1	6617	960	I	-	+	0.0	2.700000e-02	0.0	2.700000e-02	
0	1	6617	995	D	+	-	0.0	3.000000e-03	0.0	3.000000e-03	
0	1	6642	567	D	+	-	2.500000e-01	1.270000e-01	1.666667e-01	1.270000e-01	
0	1	6665	961	D	+	-	0.0	1.800000e-02	0.0	1.800000e-02	
0	1	6676	852	D	+	-	2.500000e-01	1.280000e-01	8.333333e-02	1.280000e-01	
0	1	6695	-329	S	2	1	1.0	1.0	1.0	1.0	
0	1	6713	999	D	+	-	0.0	1.000000e-03	0.0	1.000000e-03	
0	1	6736	871	D	+	-	8.333333e-02	9.800000e-02	1.666667e-01	9.800000e-02	
0	1	6771	997	D	+	-	0.0	3.000000e-03	0.0	3.000000e-03	
0	1	6775	999	D	+	-	0.0	2.000000e-03	0.0	2.000000e-03	
0	1	6781	-202	I	-	+	8.333333e-02	1.470000e-01	2.500000e-01	1.470000e-01	
0	1	6796	997	S	3	1	0.0	7.000000e-03	0.0	7.000000e-03	
0	1	6812	977	D	+	-	8.333333e-02	3.800000e-02	8.333333e-02	3.800000e-02	
0	1	6815	729	D	+	-	0.0	3.800000e-02	0.0	3.800000e-02	
0	1	6843	641	S	3	2	8.333333e-02	9.800000e-02	1.666667e-01	9.800000e-02	
0	1	6931	942	S	2	0	8.333333e-02	9.200000e-02	8.333333e-02	9.200000e-02	
0	1	6932	999	S	2	3	0.0	1.000000e-03	0.0	1.000000e-03	
0	1	6933	371	S	2	0	8.333333e-01	7.130000e-01	5.833333e-01	7.130000e-01	
0	1	6937	748	S	0	1	8.333333e-02	1.480000e-01	1.666667e-01	1.480000e-01	
0	1	6974	-447	D	+	-	1.666667e-01	2.970000e-01	4.166667e-01	2.970000e-01	
0	1	6975	-1378	D	+	-	1.0	1.0	1.0	1.0	
0	1	7044	715	I	-	+	1.666667e-01	2.090000e-01	1.666667e-01	2.090000e-01	
0	1	7044	952	I	-	+	0.0	1.800000e-02	0.0	1.800000e-02	
0	1	7057	999	D	+	-	0.0	2.000000e-03	0.0	2.000000e-03	
0	1	7069	996	I	-	+	0.0	1.000000e-03	0.0	1.000000e-03	
0	1	7071	987	D	+	-	0.0	3.000000e-03	0.0	3.000000e-03	
0	1	7104	772	D	+	-	0.0	4.700000e-02	0.0	4.700000e-02	
0	1	7113	714	I	-	+	8.333333e-02	8.400000e-02	2.500000e-01	8.400000e-02	
0	1	7119	962	D	+	-	0.0	3.400000e-02	8.333333e-02	3.400000e-02	
0	1	7146	-133	I	-	+	9.166667e-01	7.970000e-01	7.500000e-01	7.970000e-01	
0	1	7155	959	D	+	-	8.333333e-02	8.800000e-02	8.333333e-02	8.800000e-02	
0	1	7171	977	I	-	+	0.0	1.400000e-02	8.333333e-02	1.400000e-02	
0	1	7191	791	D	+	-	0.0	3.700000e-02	0.0	3.700000e-02	
0	1	7271	933	D	+	-	8.333333e-02	7.900000e-02	8.333333e-02	7.900000e-02	
0	1	7307	960	D	+	-	0.0	1.000000e-03	0.0	1.000000e-03	
0	1	7339	343	S	0	3	0.0	6.300000e-02	0.0	6.300000e-02	
0	1	7382	994	S	1	2	0.0	5.000000e-03	0.0	5.000000e-03	
0	1	7409	-2561	D	+	-	2.500000e-01	1.610000e-01	2.500000e-01	1.610000e-01	
0	1	7477	341	I	-	+	0.0	6.300000e-02	0.0	6.300000e-02	
0	1	7494	987	S	2	3	0.0	3.000000e-03	0.0	3.000000e-03	
0	1	7523	993	I	-	+	0.0	2.000000e-03	0.0	2.000000e-03	
0	1	7560	122	I	-	+	2.500000e-01	1.870000e-01	1.666667e-01	1.870000e-01	
0	1	7575	-2045	S	3	2	1.0	1.0	1.0	1.0	
0	1	7589	757	D	+	-	0.0	5.400000e-02	0.0	5.400000e-02	
0	1	7601	986	D	+	-	0.0	3.000000e-03	0.0	3.000000e-03	
0	1	7617	999	I	-	+	0.0	1.000000e-03	0.0	1.000000e-03	
0	1	7620	-193	D	+	-	2.500000e-01	1.870000e-01	1.666667e-01	1.870000e-01	
0	1	7657	927	D	+	-	0.0	1.900000e-02	0.0	1.900000e-02	
0	1	7672	572	I	-	+	0.0	3.800000e-02	0.0	3.800000e-02	
0	1	7673	935	D	+	-	1.666667e-01	1.400000e-02	0.0	1.400000e-02	
0	1	7685	999	D	+	-	0.0	1.000000e-03	0.0	1.000000e-03	
0	1	7732	987	D	+	-	0.0	4.000000e-03	0.0	4.000000e-03	
0	1	7733	-1434	I	-	+	1.0	1.0	1.0	1.0	
0	1	7768	29	D	+	-	7.500000e-01	8.760000e-01	8.333333e-01	8.760000e-01	
0	1	7772	997	D	+	-	0.0	6.000000e-03	0.0	6.000000e-03	
0	1	7777	970	D	+	-	0.0	2.000000e-03	0.0	2.000000e-03	
0	1	7786	553	D	+	-	0.0	3.800000e-02	0.0	3.800000e-02	
0	1	7799	2	I	-	+	2.500000e-01	1.240000e-01	1.666667e-01	1.240000e-01	
0	1	7821	435	I	-	+	0.0	3.800000e-02	0.0	3.800000e-02	
0	1	7823	686	S	2	3	0.0	7.000000e-03	0.0	7.000000e-03	
0	1	7835	995	D	+	-	0.0	1.000000e-03	0.0	1.000000e-03	
0	1	7863	-434	I	-	+	1.0	1.0	1.0	1.0	
0	1	7867	520	I	-	+	0.0	3.200000e-02	0.0	3.200000e-02	
0	1	7869	-505	S	2	3	1.0	1.0	1.0	1.0	
0	1	7888	827	D	+	-	8.333333e-02	1.090000e-01	3.333333e-01	1.090000e-01	
0	1	7899	987	D	+	-	0.0	6.000000e-03	0.0	6.000000e-03	
0	1	7908	954	S	0	3	0.0	1.400000e-02	8.333333e-02	1.400000e-02	
0	1	7952	995	S	3	0	0.0	5.000000e-03	0.0	5.000000e-03	
0	1	7956	967	D	+	-	0.0	1.000000e-03	0.0	1.000000e-03	
0	1	7980	971	S	3	0	0.0	2.200000e-02	0.0	2.200000e-02	
0	1	8018	830	S	1	0	0.0	2.900000e-02	0.0	2.900000e-02	
0	1	8101	998	D	+	-	0.0	1.000000e-03	0.0	1.000000e-03	
0	1	8112	990	D	+	-	8.333333e-02	3.000000e-03	0.0	3.000000e-03	
0	1	8124	-594	D	+	-	1.666667e-01	8.300000e-02	8.333333e-02	8.300000e-02	
0	1	8140	-1033	D	+	-	1.666667e-01	8.300000e-02	8.333333e-02	8.300000e-02	
0	1	8146	592	D	+	-	1.666667e-01	1.400000e-02	0.0	1.400000e-02	
0	1	8155	933	I	-	+	0.0	2.700000e-02	0.0	2.700000e-02	
0	1	8162	481	D	+	-	4.166667e-01	3.190000e-01	2.500000e-01	3.190000e-01	
0	1	8170	987	S	0	2	0.0	5.000000e-03	0.0	5.000000e-03	
0	1	8177	848	D	+	-	0.0	6.900000e-02	8.333333e-02	6.900000e-02	
0	1	8198	957	D	+	-	0.0	2.000000e-02	0.0	2.000000e-02	
0	1	8224	217	S	1	2	0.0	6.800000e-02	0.0	6.800000e-02	
0	1	8228	803	D	+	-	2.500000e-01	1.550000e-01	1.666667e-01	1.550000e-01	
0	1	8280	802	I	-	+	0.0	6.000000e-02	0.0	6.000000e-02	
0	1	8280	148	D	+	-	0.0	6.800000e-02	0.0	6.800000e-02	
0	1	8296	985	S	3	1	0.0	1.600000e-02	0.0	1.600000e-02	
0	1	8320	586	I	-	+	1.666667e-01	1.500000e-02	0.0	1.500000e-02	
0	1	8337	916	S	3	1	0.0	6.800000e-02	8.333333e-02	6.800000e-02	
0	1	8358	720	D	+	-	0.0	5.400000e-02	0.0	5.400000e-02	
0	1	8369	-586	S	3	2	1.666667e-01	1.500000e-02	0.0	1.500000e-02	
0	1	8375	915	I	-	+	8.333333e-02	8.000000e-02	8.333333e-02	8.000000e-02	
0	1	8377	995	I	-	+	0.0	1.200000e-02	0.0	1.200000e-02	
0	1	8384	957	S	1	2	8.333333e-02	2.900000e-02	0.0	2.900000e-02	
0	1	8397	770	S	0	3	4.166667e-01	2.650000e-01	5.000000e-01	2.650000e-01	
0	1	8410	-1209	D	+	-	0.0	6.700000e-02	0.0	6.700000e-02	
0	1	8411	971	D	+	-	0.0	1.800000e-02	0.0	1.800000e-02	
0	1	8422	996	I	-	+	0.0	3.000000e-03	0.0	3.000000e-03	
0	1	8431	856	D	+	-	8.333333e-02	9.200000e-02	1.666667e-01	9.200000e-02	
0	1	8445	980	D	+	-	0.0	2.600000e-02	0.0	2.600000e-02	
0	1	8449	977	D	+	-	0.0	1.000000e-03	0.0	1.000000e-03	
0	1	8451	965	D	+	-	0.0	8.000000e-03	0.0	8.000000e-03	
0	1	8538	993	I	-	+	0.0	3.000000e-03	0.0	3.000000e-03	
0	1	8556	-1308	S	0	2	1.0	1.0	1.0	1.0	
0	1	8587	278	I	-	+	0.0	6.700000e-02	0.0	6.700000e-02	
0	1	8598	988	S	3	1	0.0	1.300000e-02	0.0	1.300000e-02	
0	1	8628	947	I	-	+	0.0	3.600000e-02	0.0	3.600000e-02	
0	1	8631	1000	D	+	-	0.0	1.000000e-03	0.0	1.000000e-03	
0	1	8632	-186	I	-	+	1.0	9.330000e-01	1.0	9.330000e-01	
0	1	8650	54	S	3	2	0.0	6.700000e-02	0.0	6.700000e-02	
0	1	8683	864	D	+	-	0.0	4.700000e-02	8.333333e-02	4.700000e-02	
0	1	8683	985	I	-	+	0.0	1.600000e-02	0.0	1.600000e-02	
0	1	8693	1000	D	+	-	0.0	1.000000e-03	0.0	1.000000e-03	
0	1	8702	1000	D	+	-	0.0	1.000000e-03	0.0	1.000000e-03	
0	1	8736	910	D	+	-	0.0	4.700000e-02	8.333333e-02	4.700000e-02	
0	1	8783	991	D	+	-	0.0	4.000000e-03	0.0	4.000000e-03	
0	1	8785	-270	D	+	-	9.166667e-01	7.660000e-01	7.500000e-01	7.660000e-01	
0	1	8796	-706	I	-	+	8.333333e-02	2.340000e-01	2.500000e-01	2.340000e-01	
0	1	8821	994	I	-	+	0.0	1.000000e-03	0.0	1.000000e-03	
0	1	8838	934	D	+	-	8.333333e-02	3.400000e-02	8.333333e-02	3.400000e-02	
0	1	8897	998	I	-	+	0.0	2.000000e-03	0.0	2.000000e-03	
0	1	8913	940	I	-	+	0.0	2.000000e-03	0.0	2.000000e-03	
0	1	8932	869	D	+	-	0.0	4.700000e-02	8.333333e-02	4.700000e-02	
0	1	8959	-1329	D	+	-	8.333333e-02	1.510000e-01	2.500000e-01	1.510000e-01	
0	1	8983	980	D	+	-	0.0	6.000000e-03	0.0	6.000000e-03	
0	1	9028	850	I	-	+	0.0	4.700000e-02	8.333333e-02	4.700000e-02	
0	1	9061	914	I	-	+	0.0	6.600000e-02	0.0	6.600000e-02	
0	1	9062	947	D	+	-	0.0	2.900000e-02	0.0	2.900000e-02	
0	1	9064	992	D	+	-	0.0	9.000000e-03	0.0	9.000000e-03	
0	1	9071	673	D	+	-	8.333333e-02	1.870000e-01	2.500000e-01	1.870000e-01	
0	1	9098	126	I	-	+	9.166667e-01	8.130000e-01	7.500000e-01	8.130000e-01	
0	1	9107	-1445	I	-	+	9.166667e-01	8.130000e-01	7.500000e-01	8.130000e-01	
0	1	9172	415	D	+	-	9.166667e-01	8.400000e-01	7.500000e-01	8.400000e-01	
0	1	9204	1000	D	+	-	0.0	1.000000e-03	0.0	1.000000e-03	
0	1	9216	-1418	I	-	+	8.333333e-02	1.600000e-01	2.500000e-01	1.600000e-01	
0	1	9258	806	I	-	+	2.500000e-01	1.110000e-01	8.333333e-02	1.110000e-01	
0	1	9294	1000	D	+	-	0.0	1.000000e-03	0.0	1.000000e-03	
0	1	9307	930	D	+	-	8.333333e-02	1.400000e-02	0.0	1.400000e-02	
0	1	9356	-2380	D	+	-	8.333333e-02	1.600000e-01	2.500000e-01	1.600000e-01	
0	1	9371	1000	I	-	+	0.0	1.000000e-03	0.0	1.000000e-03	
0	1	9405	-1696	I	-	+	8.333333e-02	1.570000e-01	2.500000e-01	1.570000e-01	
0	1	9449	858	D	+	-	1.666667e-01	4.600000e-02	0.0	4.600000e-02	
0	1	9474	626	S	3	2	4.166667e-01	3.900000e-01	5.000000e-01	3.900000e-01	
0	1	9515	953	I	-	+	0.0	3.600000e-02	0.0	3.600000e-02	
0	1	9535	-1221	D	+	-	1.0	1.0	1.0	1.0	
0	1	9559	-852	D	+	-	1.0	1.0	1.0	1.0	
0	1	9562	879	D	+	-	3.333333e-01	1.670000e-01	2.500000e-01	1.670000e-01	
0	1	9563	990	S	1	0	0.0	4.000000e-03	0.0	4.000000e-03	
0	1	9608	981	D	+	-	0.0	1.700000e-02	0.0	1.700000e-02	
0	1	9620	983	D	+	-	0.0	2.400000e-02	0.0	2.400000e-02	
0	1	9635	187	S	0	2	3.333333e-01	4.970000e-01	5.000000e-01	4.970000e-01	
0	1	9642	452	S	0	2	5.833333e-01	3.980000e-01	5.000000e-01	3.980000e-01	
0	1	9645	231	S	0	3	8.333333e-02	1.050000e-01	0.0	1.050000e-01	
0	1	9675	780	D	+	-	8.333333e-02	1.400000e-02	0.0	1.400000e-02	
0	1	9675	1000	D	+	-	0.0	1.000000e-03	0.0	1.000000e-03	
0	1	9700	-1329	D	+	-	1.0	1.0	1.0	1.0	
0	1	9703	1000	D	+	-	0.0	1.000000e-03	0.0	1.000000e-03	
0	1	9763	275	I	-	+	3.333333e-01	6.150000e-01	6.666667e-01	6.150000e-01	
0	1	9776	763	I	-	+	8.333333e-02	1.890000e-01	2.500000e-01	1.890000e-01	
0	1	9778	995	S	0	2	0.0	1.000000e-03	0.0	1.000000e-03	
0	1	9924	970	S	1	2	8.333333e-02	2.000000e-02	0.0	2.000000e-02	
0	1	9928	752	S	1	2	2.500000e-01	3.800000e-02	8.333333e-02	3.800000e-02	
0	1	9963	542	S	1	2	1.666667e-01	3.430000e-01	3.333333e-01	3.430000e-01	
0	1	9972	997	D	+	-	8.333333e-02	2.000000e-03	0.0	2.000000e-03	
0	1	9981	-482	D	+	-	1.666667e-01	2.010000e-01	2.500000e-01	2.010000e-01	
0	1	9985	999	D	+	-	0.0	2.000000e-03	0.0	2.000000e-03	
0	1	9991	921	D	+	-	0.0	2.600000e-02	8.333333e-02	2.600000e-02	
1	0	241	808	S	0	2	4.166667e-01	1.710000e-01	8.333333e-02	1.710000e-01	
1	0	380	616	S	3	1	4.166667e-01	4.670000e-01	5.833333e-01	4.670000e-01	
1	0	413	927	S	2	0	1.666667e-01	1.830000e-01	8.333333e-02	1.830000e-01	
1	0	438	-1630	S	2	3	1.0	9.890000e-01	1.0	9.890000e-01	
1	0	729	997	S	2	0	0.0	2.000000e-03	0.0	2.000000e-03	
1	0	787	534	S	0	3	0.0	5.200000e-02	0.0	5.200000e-02	
1	0	801	-928	S	2	3	9.166667e-01	8.860000e-01	8.333333e-01	8.860000e-01	
1	0	922	1000	S	3	1	0.0	1.000000e-03	8.333333e-02	1.000000e-03	
1	0	980	999	S	2	3	0.0	2.000000e-03	0.0	2.000000e-03	
1	0	1015	-288	S	1	0	1.0	8.700000e-01	9.166667e-01	8.700000e-01	
1	0	1106	874	S	1	3	0.0	3.500000e-02	8.333333e-02	3.500000e-02	
1	0	1169	-1346	S	2	3	1.0	8.700000e-01	9.166667e-01	8.700000e-01	
1	0	1230	452	S	3	1	8.333333e-02	3.600000e-02	0.0	3.600000e-02	
1	0	1489	326	S	1	0	9.166667e-01	7.610000e-01	8.333333e-01	7.610000e-01	
1	0	1779	-219	S	3	1	1.666667e-01	2.610000e-01	1.666667e-01	2.610000e-01	
1	0	1789	974	S	0	3	0.0	1.900000e-02	8.333333e-02	1.900000e-02	
1	0	1955	951	S	0	1	0.0	8.000000e-03	0.0	8.000000e-03	
1	0	2064	-340	S	3	0	1.666667e-01	1.680000e-01	8.333333e-02	1.680000e-01	
1	0	2226	725	S	3	0	0.0	1.600000e-02	0.0	1.600000e-02	
1	0	2411	997	S	3	2	0.0	1.000000e-03	0.0	1.000000e-03	
1	0	2415	-805	S	3	1	8.333333e-01	7.670000e-01	9.166667e-01	7.670000e-01	
1	0	2461	931	S	2	0	0.0	3.700000e-02	0.0	3.700000e-02	
1	0	2557	906	S	0	1	0.0	1.600000e-02	8.333333e-02	1.600000e-02	
1	0	2607	982	S	0	3	0.0	2.200000e-02	0.0	2.200000e-02	
1	0	2713	864	S	0	3	0.0	8.000000e-03	0.0	8.000000e-03	
1	0	2843	951	S	1	3	0.0	2.000000e-03	0.0	2.000000e-03	
1	0	2879	-1260	S	2	0	0.0	2.400000e-02	8.333333e-02	2.400000e-02	
1	0	3584	947	S	2	0	0.0	2.000000e-03	0.0	2.000000e-03	
1	0	3918	1000	S	2	3	0.0	1.000000e-03	0.0	1.000000e-03	
1	0	4220	937	S	2	0	0.0	1.000000e-03	0.0	1.000000e-03	
1	0	4230	-514	S	2	3	1.0	9.750000e-01	9.166667e-01	9.750000e-01	
1	0	4258	983	S	0	2	0.0	6.000000e-03	0.0	6.000000e-03	
1	0	4473	1000	S	2	0	0.0	1.000000e-03	0.0	1.000000e-03	
1	0	4866	928	S	2	3	0.0	7.000000e-03	0.0	7.000000e-03	
1	0	4957	637	S	2	3	4.166667e-01	3.440000e-01	2.500000e-01	3.440000e-01	
1	1	83	-1072	D	+	-	1.0	1.0	1.0	1.0	
1	1	184	960	S	2	0	0.0	4.400000e-02	0.0	4.400000e-02	
1	1	226	1000	D	+	-	0.0	1.000000e-03	0.0	1.000000e-03	
1	1	233	418	D	+	-	1.666667e-01	1.600000e-01	4.166667e-01	1.600000e-01	
1	1	313	836	D	+	-	0.0	1.000000e-02	0.0	1.000000e-02	
1	1	325	930	D	+	-	0.0	1.000000e-02	0.0	1.000000e-02	
1	1	331	917	D	+	-	0.0	7.000000e-03	0.0	7.000000e-03	
1	1	372	974	D	+	-	0.0	2.000000e-03	0.0	2.000000e-03	
1	1	420	82	D	+	-	0.0	2.600000e-02	8.333333e-02	2.600000e-02	
1	1	455	996	I	-	+	0.0	3.000000e-03	0.0	3.000000e-03	
1	1	462	394	S	2	3	5.000000e-01	4.480000e-01	5.833333e-01	4.480000e-01	
1	1	469	945	D	+	-	8.333333e-02	3.900000e-02	0.0	3.900000e-02	
1	1	562	646	D	+	-	0.0	1.000000e-02	0.0	1.000000e-02	
1	1	569	801	D	+	-	0.0	4.800000e-02	0.0	4.800000e-02	
1	1	592	757	D	+	-	0.0	1.600000e-02	8.333333e-02	1.600000e-02	
1	1	605	57	D	+	-	1.666667e-01	1.800000e-01	3.333333e-01	1.800000e-01	
1	1	607	855	D	+	-	1.666667e-01	1.800000e-01	3.333333e-01	1.800000e-01	
1	1	646	985	S	3	2	0.0	4.000000e-03	0.0	4.000000e-03	
1	1	669	998	I	-	+	0.0	2.000000e-03	0.0	2.000000e-03	
1	1	691	-658	I	-	+	8.333333e-01	8.100000e-01	6.666667e-01	8.100000e-01	
1	1	707	957	D	+	-	0.0	2.200000e-02	8.333333e-02	2.200000e-02	
1	1	711	997	D	+	-	0.0	8.000000e-03	0.0	8.000000e-03	
1	1	717	999	I	-	+	0.0	1.000000e-03	0.0	1.000000e-03	
1	1	733	642	D	+	-	1.666667e-01	1.910000e-01	1.666667e-01	1.910000e-01	
1	1	783	977	I	-	+	1.666667e-01	2.800000e-02	0.0	2.800000e-02	
1	1	839	965	I	-	+	8.333333e-02	2.000000e-02	0.0	2.000000e-02	
1	1	847	-363	D	+	-	8.333333e-01	8.200000e-01	6.666667e-01	8.200000e-01	
1	1	861	983	I	-	+	0.0	9.000000e-03	0.0	9.000000e-03	
1	1	884	644	D	+	-	1.666667e-01	9.300000e-02	0.0	9.300000e-02	
1	1	892	999	D	+	-	0.0	4.000000e-03	0.0	4.000000e-03	
1	1	895	962	D	+	-	8.333333e-02	1.100000e-02	0.0	1.100000e-02	
1	1	896	988	S	2	3	0.0	1.000000e-03	0.0	1.000000e-03	
1	1	910	-1109	D	+	-	1.0	1.0	1.0	1.0	
1	1	933	-625	I	-	+	1.0	1.0	1.0	1.0	
1	1	972	864	D	+	-	1.666667e-01	1.500000e-01	1.666667e-01	1.500000e-01	
1	1	1032	748	S	1	2	0.0	3.200000e-02	8.333333e-02	3.200000e-02	
1	1	1039	922	S	3	0	0.0	4.900000e-02	1.666667e-01	4.900000e-02	
1	1	1053	648	I	-	+	1.666667e-01	1.560000e-01	1.666667e-01	1.560000e-01	
1	1	1075	991	S	0	1	0.0	7.000000e-03	0.0	7.000000e-03	
1	1	1122	820	D	+	-	2.500000e-01	3.180000e-01	1.666667e-01	3.180000e-01	
1	1	1126	-1660	D	+	-	1.0	1.0	1.0	1.0	
1	1	1132	1000	I	-	+	0.0	1.000000e-03	0.0	1.000000e-03	
1	1	1140	777	D	+	-	1.666667e-01	8.900000e-02	0.0	8.900000e-02	
1	1	1152	331	S	3	0	0.0	1.100000e-02	0.0	1.100000e-02	
1	1	1175	921	D	+	-	0.0	7.000000e-03	0.0	7.000000e-03	
1	1	1248	999	D	+	-	0.0	1.000000e-03	0.0	1.000000e-03	
1	1	1314	-1036	S	2	1	3.333333e-01	3.720000e-01	5.833333e-01	3.720000e-01	
1	1	1328	231	S	2	3	0.0	1.200000e-02	8.333333e-02	1.200000e-02	
1	1	1351	-721	S	1	0	0.0	1.200000e-02	8.333333e-02	1.200000e-02	
1	1	1381	999	D	+	-	0.0	1.000000e-03	0.0	1.000000e-03	
1	1	1413	953	S	2	0	0.0	1.300000e-02	0.0	1.300000e-02	
1	1	1436	996	D	+	-	0.0	4.000000e-03	0.0	4.000000e-03	
1	1	1475	992	S	1	0	0.0	1.100000e-02	0.0	1.100000e-02	
1	1	1503	-1471	D	+	-	1.0	8.840000e-01	9.166667e-01	8.840000e-01	
1	1	1537	632	I	-	+	1.666667e-01	1.500000e-01	0.0	1.500000e-01	
1	1	1616	917	D	+	-	1.666667e-01	1.430000e-01	0.0	1.430000e-01	
1	1	1678	1000	I	-	+	0.0	1.000000e-03	0.0	1.000000e-03	
1	1	1701	394	D	+	-	0.0	1.260000e-01	0.0	1.260000e-01	
1	1	1722	999	D	+	-	0.0	2.000000e-03	0.0	2.000000e-03	
1	1	1737	926	S	1	3	0.0	1.700000e-02	0.0	1.700000e-02	
1	1	1799	-741	I	-	+	5.833333e-01	5.230000e-01	6.666667e-01	5.230000e-01	
1	1	1817	998	S	0	2	0.0	2.000000e-03	0.0	2.000000e-03	
1	1	1885	923	D	+	-	0.0	1.200000e-02	8.333333e-02	1.200000e-02	
1	1	1887	993	D	+	-	0.0	5.000000e-03	0.0	5.000000e-03	
1	1	1914	1000	D	+	-	0.0	1.000000e-03	0.0	1.000000e-03	
1	1	1927	442	D	+	-	4.166667e-01	3.090000e-01	5.000000e-01	3.090000e-01	
1	1	1933	-408	D	+	-	5.833333e-01	6.450000e-01	6.666667e-01	6.450000e-01	
1	1	2026	-242	D	+	-	4.166667e-01	4.330000e-01	5.000000e-01	4.330000e-01	
1	1	2051	969	D	+	-	0.0	1.000000e-03	0.0	1.000000e-03	
1	1	2086	886	S	2	3	1.666667e-01	9.200000e-02	8.333333e-02	9.200000e-02	
1	1	2126	653	D	+	-	1.666667e-01	1.840000e-01	3.333333e-01	1.840000e-01	
1	1	2131	832	D	+	-	0.0	4.900000e-02	0.0	4.900000e-02	
1	1	2182	897	I	-	+	0.0	5.700000e-02	0.0	5.700000e-02	
1	1	2202	962	S	3	0	0.0	1.000000e-03	0.0	1.000000e-03	
1	1	2224	996	D	+	-	0.0	7.000000e-03	0.0	7.000000e-03	
1	1	2248	865	D	+	-	0.0	1.800000e-02	0.0	1.800000e-02	
1	1	2284	-5147	D	+	-	1.0	9.670000e-01	9.166667e-01	9.670000e-01	
1	1	2377	984	D	+	-	0.0	9.000000e-03	0.0	9.000000e-03	
1	1	2389	957	D	+	-	0.0	1.000000e-03	0.0	1.000000e-03	
1	1	2390	980	D	+	-	0.0	2.000000e-03	0.0	2.000000e-03	
1	1	2397	619	D	+	-	4.166667e-01	3.430000e-01	5.000000e-01	3.430000e-01	
1	1	2400	505	S	1	0	0.0	3.300000e-02	8.333333e-02	3.300000e-02	
1	1	2438	838	S	0	3	4.166667e-01	3.340000e-01	5.833333e-01	3.340000e-01	
1	1	2461	-1093	D	+	-	6.666667e-01	7.250000e-01	7.500000e-01	7.250000e-01	
1	1	2462	715	D	+	-	0.0	6.300000e-02	0.0	6.300000e-02	
1	1	2466	738	S	2	3	8.333333e-02	1.530000e-01	0.0	1.530000e-01	
1	1	2468	-326	I	-	+	6.666667e-01	7.250000e-01	7.500000e-01	7.250000e-01	
1	1	2511	978	I	-	+	0.0	2.000000e-02	8.333333e-02	2.000000e-02	
1	1	2518	-979	D	+	-	5.833333e-01	5.480000e-01	8.333333e-01	5.480000e-01	
1	1	2552	922	D	+	-	8.333333e-02	8.000000e-03	0.0	8.000000e-03	
1	1	2623	972	I	-	+	0.0	4.800000e-02	8.333333e-02	4.800000e-02	
1	1	2636	287	D	+	-	5.833333e-01	6.520000e-01	9.166667e-01	6.520000e-01	
1	1	2680	995	S	1	0	0.0	1.000000e-03	0.0	1.000000e-03	
1	1	2682	755	S	2	0	8.333333e-02	1.360000e-01	0.0	1.360000e-01	
1	1	2692	989	D	+	-	0.0	1.700000e-02	0.0	1.700000e-02	
1	1	2704	952	D	+	-	1.666667e-01	7.800000e-02	8.333333e-02	7.800000e-02	
1	1	2723	628	D	+	-	1.666667e-01	1.890000e-01	1.666667e-01	1.890000e-01	
1	1	2769	1000	D	+	-	0.0	1.000000e-03	0.0	1.000000e-03	
1	1	2801	961	D	+	-	0.0	2.100000e-02	8.333333e-02	2.100000e-02	
1	1	2811	731	D	+	-	0.0	3.100000e-02	8.333333e-02	3.100000e-02	
1	1	2819	987	I	-	+	0.0	1.700000e-02	0.0	1.700000e-02	
1	1	2821	-386	D	+	-	7.500000e-01	8.730000e-01	8.333333e-01	8.730000e-01	
1	1	2825	999	D	+	-	0.0	3.000000e-03	0.0	3.000000e-03	
1	1	2826	979	D	+	-	0.0	2.000000e-03	0.0	2.000000e-03	
1	1	2829	-505	D	+	-	7.500000e-01	8.730000e-01	8.333333e-01	8.730000e-01	
1	1	2835	-474	D	+	-	7.500000e-01	8.730000e-01	8.333333e-01	8.730000e-01	
1	1	2839	732	I	-	+	0.0	3.100000e-02	8.333333e-02	3.100000e-02	
1	1	2845	904	D	+	-	0.0	1.400000e-02	0.0	1.400000e-02	
1	1	2867	990	D	+	-	0.0	8.000000e-03	0.0	8.000000e-03	
1	1	2875	875	I	-	+	8.333333e-02	9.900000e-02	0.0	9.900000e-02	
1	1	2882	-536	I	-	+	2.500000e-01	1.270000e-01	1.666667e-01	1.270000e-01	
1	1	2892	972	D	+	-	0.0	9.000000e-03	0.0	9.000000e-03	
1	1	2906	954	D	+	-	0.0	3.000000e-03	0.0	3.000000e-03	
1	1	2943	925	D	+	-	8.333333e-02	1.400000e-02	0.0	1.400000e-02	
1	1	2967	976	S	2	0	0.0	2.000000e-02	0.0	2.000000e-02	
1	1	3012	-1123	S	1	2	3.333333e-01	3.020000e-01	5.000000e-01	3.020000e-01	
1	1	3033	999	D	+	-	0.0	2.000000e-03	0.0	2.000000e-03	
1	1	3045	200	D	+	-	2.500000e-01	1.310000e-01	1.666667e-01	1.310000e-01	
1	1	3070	944	I	-	+	8.333333e-02	1.400000e-02	0.0	1.400000e-02	
1	1	3078	-5162	D	+	-	7.500000e-01	8.690000e-01	8.333333e-01	8.690000e-01	
1	1	3105	-6117	S	2	3	1.0	1.0	1.0	1.0	
1	1	3122	957	D	+	-	0.0	4.000000e-03	0.0	4.000000e-03	
1	1	3143	759	D	+	-	1.666667e-01	2.550000e-01	5.000000e-01	2.550000e-01	
1	1	3146	899	I	-	+	1.666667e-01	2.550000e-01	5.000000e-01	2.550000e-01	
1	1	3171	575	D	+	-	0.0	2.600000e-02	8.333333e-02	2.600000e-02	
1	1	3249	528	I	-	+	4.166667e-01	3.130000e-01	5.000000e-01	3.130000e-01	
1	1	3299	-609	I	-	+	1.0	1.0	1.0	1.0	
1	1	3372	998	S	2	1	0.0	1.000000e-03	0.0	1.000000e-03	
1	1	3417	617	D	+	-	3.333333e-01	2.630000e-01	2.500000e-01	2.630000e-01	
1	1	3457	-5882	D	+	-	1.0	1.0	1.0	1.0	
1	1	3475	965	I	-	+	0.0	1.000000e-03	0.0	1.000000e-03	
1	1	3498	408	D	+	-	3.333333e-01	2.650000e-01	2.500000e-01	2.650000e-01	
1	1	3583	990	D	+	-	0.0	1.000000e-02	0.0	1.000000e-02	
1	1	3606	-156	D	+	-	1.0	1.0	1.0	1.0	
1	1	3628	857	I	-	+	8.333333e-02	2.000000e-02	0.0	2.000000e-02	
1	1	3666	920	D	+	-	8.333333e-02	5.000000e-03	0.0	5.000000e-03	
1	1	3667	535	I	-	+	8.333333e-02	5.200000e-02	0.0	5.200000e-02	
1	1	3670	769	D	+	-	8.333333e-02	1.370000e-01	1.666667e-01	1.370000e-01	
1	1	3685	988	I	-	+	0.0	2.000000e-03	0.0	2.000000e-03	
1	1	3703	998	D	+	-	0.0	2.000000e-03	0.0	2.000000e-03	
1	1	3753	997	S	0	3	0.0	3.000000e-03	0.0	3.000000e-03	
1	1	3765	962	D	+	-	0.0	9.000000e-03	0.0	9.000000e-03	
1	1	3765	996	D	+	-	0.0	3.000000e-03	0.0	3.000000e-03	
1	1	3788	353	D	+	-	4.166667e-01	1.890000e-01	1.666667e-01	1.890000e-01	
1	1	3792	987	D	+	-	0.0	4.000000e-03	0.0	4.000000e-03	
1	1	3798	105	D	+	-	1.0	1.0	1.0	1.0	
1	1	3900	989	S	2	0	0.0	5.000000e-03	0.0	5.000000e-03	
1	1	3905	913	I	-	+	8.333333e-02	2.400000e-02	0.0	2.400000e-02	
1	1	3931	1	D	+	-	1.0	1.0	1.0	1.0	
1	1	3956	957	D	+	-	0.0	6.000000e-03	0.0	6.000000e-03	
1	1	3963	990	S	2	3	0.0	2.000000e-03	0.0	2.000000e-03	
1	1	3977	970	S	3	1	0.0	1.000000e-03	0.0	1.000000e-03	
1	1	3986	989	D	+	-	0.0	7.000000e-03	0.0	7.000000e-03	
1	1	3997	1000	I	-	+	0.0	1.000000e-03	0.0	1.000000e-03	
1	1	4012	967	I	-	+	0.0	1.900000e-02	0.0	1.900000e-02	
1	1	4022	865	I	-	+	8.333333e-02	2.000000e-02	0.0	2.000000e-02	
1	1	4028	735	D	+	-	8.333333e-02	1.110000e-01	8.333333e-02	1.110000e-01	
1	1	4056	1000	I	-	+	0.0	1.000000e-03	0.0	1.000000e-03	
1	1	4070	985	D	+	-	0.0	2.000000e-02	8.333333e-02	2.000000e-02	
1	1	4094	926	I	-	+	8.333333e-02	2.300000e-02	0.0	2.300000e-02	
1	1	4139	949	D	+	-	0.0	1.900000e-02	0.0	1.900000e-02	
1	1	4142	-71	I	-	+	1.0	1.0	1.0	1.0	
1	1	4152	970	S	1	2	0.0	2.300000e-02	8.333333e-02	2.300000e-02	
1	1	4158	831	I	-	+	0.0	1.230000e-01	8.333333e-02	1.230000e-01	
1	1	4179	995	D	+	-	0.0	8.000000e-03	0.0	8.000000e-03	
1	1	4208	702	D	+	-	8.333333e-02	5.100000e-02	0.0	5.100000e-02	
1	1	4213	1000	D	+	-	0.0	1.000000e-03	0.0	1.000000e-03	
1	1	4220	755	D	+	-	8.333333e-02	1.110000e-01	8.333333e-02	1.110000e-01	
1	1	4229	883	D	+	-	1.666667e-01	2.150000e-01	1.666667e-01	2.150000e-01	
1	1	4246	-339	D	+	-	1.0	1.0	1.0	1.0	
1	1	4256	897	D	+	-	8.333333e-02	7.400000e-02	1.666667e-01	7.400000e-02	
1	1	4299	986	D	+	-	0.0	5.000000e-03	0.0	5.000000e-03	
1	1	4312	958	S	2	0	0.0	2.600000e-02	0.0	2.600000e-02	
1	1	4325	998	D	+	-	0.0	1.000000e-03	0.0	1.000000e-03	
1	1	4350	991	I	-	+	0.0	2.000000e-03	0.0	2.000000e-03	
1	1	4374	994	I	-	+	0.0	1.000000e-03	0.0	1.000000e-03	
1	1	4402	124	I	-	+	1.0	1.0	1.0	1.0	
1	1	4444	989	S	0	3	0.0	2.000000e-03	0.0	2.000000e-03	
1	1	4453	960	S	2	0	2.500000e-01	8.800000e-02	8.333333e-02	8.800000e-02	
1	1	4531	906	S	1	0	0.0	1.900000e-02	0.0	1.900000e-02	
1	1	4589	961	I	-	+	0.0	1.000000e-03	0.0	1.000000e-03	
1	1	4597	911	D	+	-	8.333333e-02	1.800000e-02	0.0	1.800000e-02	
1	1	4626	951	D	+	-	0.0	4.600000e-02	0.0	4.600000e-02	
1	1	4668	471	D	+	-	7.500000e-01	4.930000e-01	5.833333e-01	4.930000e-01	
1	1	4685	984	I	-	+	8.333333e-02	1.100000e-02	0.0	1.100000e-02	
1	1	4697	57	D	+	-	7.500000e-01	6.720000e-01	6.666667e-01	6.720000e-01	
1	1	4709	957	D	+	-	0.0	4.900000e-02	0.0	4.900000e-02	
1	1	4717	-5032	I	-	+	1.0	1.0	1.0	1.0	
1	1	4724	992	S	0	1	0.0	4.000000e-03	0.0	4.000000e-03	
1	1	4728	-1788	I	-	+	1.0	1.0	1.0	1.0	
1	1	4741	981	I	-	+	0.0	2.700000e-02	0.0	2.700000e-02	
1	1	4760	932	S	2	1	8.333333e-02	2.200000e-02	0.0	2.200000e-02	
1	1	4765	-708	D	+	-	1.0	1.0	1.0	1.0	
1	1	4768	998	D	+	-	0.0	2.000000e-03	0.0	2.000000e-03	
1	1	4787	996	S	3	1	0.0	3.000000e-03	0.0	3.000000e-03	
1	1	4814	996	I	-	+	0.0	1.000000e-03	0.0	1.000000e-03	
1	1	4841	998	D	+	-	0.0	1.000000e-03	0.0	1.000000e-03	
1	1	4858	934	S	2	0	2.500000e-01	8.700000e-02	8.333333e-02	8.700000e-02	
1	1	4891	995	S	3	0	0.0	2.000000e-03	0.0	2.000000e-03	
1	1	4916	337	D	+	-	2.500000e-01	3.280000e-01	3.333333e-01	3.280000e-01	
1	1	4922	-105	D	+	-	2.500000e-01	3.280000e-01	3.333333e-01	3.280000e-01	
1	1	4936	-481	D	+	-	1.0	1.0	1.0	1.0	
1	1	4976	978	D	+	-	0.0	1.000000e-02	0.0	1.000000e-02	
1	1	5016	794	D	+	-	2.500000e-01	3.280000e-01	3.333333e-01	3.280000e-01	
1	1	5037	-990	S	3	2	1.0	1.0	1.0	1.0	
1	1	5038	-7076	D	+	-	1.0	1.0	1.0	1.0	
1	1	5078	980	D	+	-	0.0	1.300000e-02	0.0	1.300000e-02	
1	1	5084	896	D	+	-	0.0	1.070000e-01	8.333333e-02	1.070000e-01	
1	1	5241	994	I	-	+	0.0	1.000000e-03	0.0	1.000000e-03	
1	1	5242	683	D	+	-	4.166667e-01	1.980000e-01	2.500000e-01	1.980000e-01	
1	1	5245	930	D	+	-	0.0	8.700000e-02	8.333333e-02	8.700000e-02	
1	1	5250	224	D	+	-	7.500000e-01	4.930000e-01	5.833333e-01	4.930000e-01	
1	1	5294	-306	D	+	-	1.0	9.220000e-01	1.0	9.220000e-01	
1	1	5313	316	S	2	3	0.0	1.040000e-01	8.333333e-02	1.040000e-01	
1	1	5355	926	S	1	0	2.500000e-01	8.900000e-02	8.333333e-02	8.900000e-02	
1	1	5435	773	I	-	+	8.333333e-02	4.000000e-02	8.333333e-02	4.000000e-02	
1	1	5462	993	I	-	+	0.0	5.000000e-03	0.0	5.000000e-03	
1	1	5469	489	D	+	-	0.0	1.210000e-01	8.333333e-02	1.210000e-01	
1	1	5490	984	D	+	-	0.0	6.000000e-03	0.0	6.000000e-03	
1	1	5527	749	D	+	-	1.666667e-01	1.290000e-01	1.666667e-01	1.290000e-01	
1	1	5580	992	D	+	-	0.0	5.000000e-03	0.0	5.000000e-03	
1	1	5580	1000	D	+	-	0.0	1.000000e-03	0.0	1.000000e-03	
1	1	5583	933	S	1	2	0.0	6.000000e-03	0.0	6.000000e-03	
1	1	5586	952	D	+	-	0.0	3.300000e-02	0.0	3.300000e-02	
1	1	5623	364	S	2	1	6.666667e-01	3.720000e-01	5.000000e-01	3.720000e-01	
1	1	5639	928	D	+	-	8.333333e-02	1.190000e-01	8.333333e-02	1.190000e-01	
1	1	5643	972	I	-	+	0.0	4.600000e-02	0.0	4.600000e-02	
1	1	5658	999	D	+	-	0.0	2.000000e-03	0.0	2.000000e-03	
1	1	5733	999	D	+	-	0.0	1.000000e-03	0.0	1.000000e-03	
1	1	5776	911	S	0	1	8.333333e-02	7.300000e-02	1.666667e-01	7.300000e-02	
1	1	5797	998	D	+	-	0.0	2.000000e-03	0.0	2.000000e-03	
1	1	5808	997	I	-	+	0.0	1.000000e-03	0.0	1.000000e-03	
1	1	5816	1000	D	+	-	0.0	1.000000e-03	0.0	1.000000e-03	
1	1	5826	223	D	+	-	1.0	1.0	1.0	1.0	
1	1	5833	1000	D	+	-	0.0	1.000000e-03	0.0	1.000000e-03	
1	1	5868	980	D	+	-	0.0	8.000000e-03	0.0	8.000000e-03	
1	1	5942	957	D	+	-	0.0	2.300000e-02	8.333333e-02	2.300000e-02	
1	1	5947	1000	S	2	1	0.0	1.000000e-03	0.0	1.000000e-03	
1	1	5975	637	S	2	0	4.166667e-01	4.950000e-01	4.166667e-01	4.950000e-01	
1	1	5995	-1847	D	+	-	1.0	1.0	1.0	1.0	
1	1	6012	-1126	D	+	-	1.0	1.0	1.0	1.0	
1	1	6031	-603	I	-	+	1.0	1.0	1.0	1.0	
1	1	6058	996	I	-	+	0.0	9.000000e-03	0.0	9.000000e-03	
1	1	6075	469	D	+	-	8.333333e-02	1.230000e-01	8.333333e-02	1.230000e-01	
1	1	6152	-950	S	2	1	1.0	1.0	1.0	1.0	
1	1	6165	983	S	2	1	0.0	2.900000e-02	0.0	2.900000e-02	
1	1	6170	998	I	-	+	0.0	2.000000e-03	0.0	2.000000e-03	
1	1	6246	406	D	+	-	4.166667e-01	3.320000e-01	4.166667e-01	3.320000e-01	
1	1	6260	993	D	+	-	0.0	3.000000e-03	0.0	3.000000e-03	
1	1	6266	1000	S	3	1	0.0	1.000000e-03	0.0	1.000000e-03	
1	1	6300	992	D	+	-	0.0	3.000000e-03	0.0	3.000000e-03	
1	1	6356	997	D	+	-	0.0	6.000000e-03	0.0	6.000000e-03	
1	1	6394	928	I	-	+	0.0	2.300000e-02	0.0	2.300000e-02	
1	1	6394	972	D	+	-	8.333333e-02	3.000000e-02	1.666667e-01	3.000000e-02	
1	1	6402	550	D	+	-	8.333333e-02	1.290000e-01	8.333333e-02	1.290000e-01	
1	1	6417	442	D	+	-	8.333333e-02	1.290000e-01	8.333333e-02	1.290000e-01	
1	1	6432	946	D	+	-	0.0	5.000000e-03	0.0	5.000000e-03	
1	1	6434	335	D	+	-	4.166667e-01	4.760000e-01	5.000000e-01	4.760000e-01	
1	1	6443	-513	D	+	-	1.0	1.0	1.0	1.0	
1	1	6449	-720	S	3	1	1.0	1.0	1.0	1.0	
1	1	6479	979	D	+	-	8.333333e-02	5.000000e-03	0.0	5.000000e-03	
1	1	6527	412	D	+	-	4.166667e-01	2.960000e-01	3.333333e-01	2.960000e-01	
1	1	6541	993	I	-	+	0.0	4.000000e-03	0.0	4.000000e-03	
1	1	6542	954	D	+	-	0.0	2.000000e-03	0.0	2.000000e-03	
1	1	6545	964	S	2	0	8.333333e-02	1.400000e-02	0.0	1.400000e-02	
1	1	6587	769	S	3	1	1.666667e-01	1.110000e-01	8.333333e-02	1.110000e-01	
1	1	6592	981	I	-	+	8.333333e-02	3.300000e-02	8.333333e-02	3.300000e-02	
1	1	6632	876	D	+	-	0.0	2.000000e-02	0.0	2.000000e-02	
1	1	6669	933	D	+	-	0.0	3.300000e-02	8.333333e-02	3.300000e-02	
1	1	6701	903	D	+	-	0.0	2.000000e-02	0.0	2.000000e-02	
1	1	6705	997	I	-	+	0.0	2.000000e-03	0.0	2.000000e-03	
1	1	6716	521	D	+	-	2.500000e-01	2.060000e-01	1.666667e-01	2.060000e-01	
1	1	6729	972	D	+	-	0.0	1.000000e-02	0.0	1.000000e-02	
1	1	6772	990	S	2	3	0.0	1.000000e-03	0.0	1.000000e-03	
1	1	6789	982	I	-	+	0.0	1.400000e-02	0.0	1.400000e-02	
1	1	6789	1000	I	-	+	0.0	1.000000e-03	0.0	1.000000e-03	
1	1	6794	690	I	-	+	0.0	5.300000e-02	8.333333e-02	5.300000e-02	
1	1	6920	700	D	+	-	0.0	2.800000e-02	0.0	2.800000e-02	
1	1	6955	985	S	2	3	0.0	6.000000e-03	0.0	6.000000e-03	
1	1	6987	999	D	+	-	0.0	1.000000e-03	0.0	1.000000e-03	
1	1	6996	-401	D	+	-	0.0	6.900000e-02	1.666667e-01	6.900000e-02	
1	1	7028	997	D	+	-	0.0	2.000000e-03	0.0	2.000000e-03	
1	1	7033	935	D	+	-	0.0	3.300000e-02	8.333333e-02	3.300000e-02	
1	1	7131	315	S	3	0	5.833333e-01	4.550000e-01	3.333333e-01	4.550000e-01	
1	1	7141	993	I	-	+	0.0	2.000000e-03	0.0	2.000000e-03	
1	1	7165	915	D	+	-	0.0	8.000000e-03	0.0	8.000000e-03	
1	1	7167	190	D	+	-	5.833333e-01	4.540000e-01	3.333333e-01	4.540000e-01	
1	1	7172	980	I	-	+	0.0	1.100000e-02	0.0	1.100000e-02	
1	1	7201	958	D	+	-	0.0	1.000000e-02	0.0	1.000000e-02	
1	1	7247	1000	D	+	-	0.0	1.000000e-03	0.0	1.000000e-03	
1	1	7274	79	S	1	3	8.333333e-02	2.060000e-01	8.333333e-02	2.060000e-01	
1	1	7297	120	D	+	-	8.333333e-02	1.280000e-01	1.666667e-01	1.280000e-01	
1	1	7299	627	D	+	-	0.0	5.500000e-02	8.333333e-02	5.500000e-02	
1	1	7311	982	D	+	-	0.0	2.000000e-03	0.0	2.000000e-03	
1	1	7324	544	D	+	-	8.333333e-02	2.060000e-01	8.333333e-02	2.060000e-01	
1	1	7329	931	D	+	-	0.0	6.300000e-02	8.333333e-02	6.300000e-02	
1	1	7332	-439	D	+	-	8.333333e-02	1.280000e-01	1.666667e-01	1.280000e-01	
1	1	7333	-1329	I	-	+	1.0	1.0	1.0	1.0	
1	1	7335	1000	D	+	-	0.0	1.000000e-03	0.0	1.000000e-03	
1	1	7412	-985	D	+	-	8.333333e-02	6.100000e-02	1.666667e-01	6.100000e-02	
1	1	7422	561	D	+	-	2.500000e-01	1.920000e-01	3.333333e-01	1.920000e-01	
1	1	7445	227	D	+	-	5.833333e-01	5.490000e-01	2.500000e-01	5.490000e-01	
1	1	7510	-709	D	+	-	1.0	1.0	1.0	1.0	
1	1	7518	636	S	1	3	8.333333e-02	1.500000e-02	0.0	1.500000e-02	
1	1	7526	26	D	+	-	5.833333e-01	6.130000e-01	3.333333e-01	6.130000e-01	
1	1	7553	847	D	+	-	2.500000e-01	1.940000e-01	3.333333e-01	1.940000e-01	
1	1	7575	-7045	S	3	2	8.333333e-02	6.100000e-02	1.666667e-01	6.100000e-02	
1	1	7575	-7205	D	+	-	9.166667e-01	9.390000e-01	8.333333e-01	9.390000e-01	
1	1	7581	998	D	+	-	0.0	2.000000e-03	0.0	2.000000e-03	
1	1	7584	137	D	+	-	3.333333e-01	3.260000e-01	5.000000e-01	3.260000e-01	
1	1	7585	874	S	2	1	2.500000e-01	1.940000e-01	3.333333e-01	1.940000e-01	
1	1	7587	1000	D	+	-	8.333333e-02	1.000000e-03	0.0	1.000000e-03	
1	1	7620	-5193	D	+	-	8.333333e-02	6.100000e-02	1.666667e-01	6.100000e-02	
1	1	7644	954	D	+	-	0.0	1.500000e-02	8.333333e-02	1.500000e-02	
1	1	7701	933	I	-	+	0.0	1.900000e-02	0.0	1.900000e-02	
1	1	7716	-954	I	-	+	3.333333e-01	3.870000e-01	5.000000e-01	3.870000e-01	
1	1	7733	-6434	I	-	+	7.500000e-01	6.740000e-01	6.666667e-01	6.740000e-01	
1	1	7737	929	I	-	+	0.0	1.300000e-02	0.0	1.300000e-02	
1	1	7748	990	D	+	-	0.0	3.000000e-03	0.0	3.000000e-03	
1	1	7764	-909	I	-	+	8.333333e-02	6.100000e-02	1.666667e-01	6.100000e-02	
1	1	7797	-403	D	+	-	6.666667e-01	6.130000e-01	5.000000e-01	6.130000e-01	
1	1	7803	991	I	-	+	0.0	2.000000e-03	0.0	2.000000e-03	
1	1	7808	-1652	S	3	0	3.333333e-01	3.270000e-01	3.333333e-01	3.270000e-01	
1	1	7818	403	D	+	-	8.333333e-02	6.800000e-02	1.666667e-01	6.800000e-02	
1	1	7930	998	S	3	1	0.0	1.000000e-03	0.0	1.000000e-03	
1	1	7941	967	S	2	3	0.0	3.000000e-03	0.0	3.000000e-03	
1	1	7960	457	D	+	-	5.000000e-01	5.410000e-01	5.000000e-01	5.410000e-01	
1	1	7969	951	S	3	1	0.0	7.000000e-03	0.0	7.000000e-03	
1	1	8103	957	D	+	-	0.0	2.900000e-02	8.333333e-02	2.900000e-02	
1	1	8121	991	I	-	+	0.0	8.000000e-03	0.0	8.000000e-03	
1	1	8138	841	I	-	+	0.0	8.000000e-03	0.0	8.000000e-03	
1	1	8141	-277	I	-	+	3.333333e-01	1.590000e-01	1.666667e-01	1.590000e-01	
1	1	8154	-746	D	+	-	3.333333e-01	1.590000e-01	1.666667e-01	1.590000e-01	
1	1	8191	-578	I	-	+	6.666667e-01	8.410000e-01	8.333333e-01	8.410000e-01	
1	1	8210	-141	D	+	-	3.333333e-01	1.590000e-01	1.666667e-01	1.590000e-01	
1	1	8221	995	I	-	+	0.0	3.000000e-03	0.0	3.000000e-03	
1	1	8244	945	D	+	-	0.0	2.000000e-02	0.0	2.000000e-02	
1	1	8252	-703	S	3	0	3.333333e-01	1.570000e-01	1.666667e-01	1.570000e-01	
1	1	8321	752	I	-	+	0.0	2.200000e-02	0.0	2.200000e-02	
1	1	8328	998	S	2	0	0.0	1.000000e-03	0.0	1.000000e-03	
1	1	8333	760	D	+	-	0.0	2.200000e-02	0.0	2.200000e-02	
1	1	8346	941	S	0	2	0.0	4.100000e-02	8.333333e-02	4.100000e-02	
1	1	8348	999	S	2	3	0.0	1.000000e-03	0.0	1.000000e-03	
1	1	8350	998	I	-	+	0.0	1.000000e-03	0.0	1.000000e-03	
1	1	8350	955	I	-	+	0.0	2.700000e-02	0.0	2.700000e-02	
1	1	8358	999	D	+	-	0.0	1.000000e-03	0.0	1.000000e-03	
1	1	8364	973	S	1	3	8.333333e-02	1.000000e-02	0.0	1.000000e-02	
1	1	8365	997	S	2	0	0.0	1.000000e-03	0.0	1.000000e-03	
1	1	8384	976	D	+	-	8.333333e-02	5.000000e-03	0.0	5.000000e-03	
1	1	8390	999	S	2	3	0.0	4.000000e-03	0.0	4.000000e-03	
1	1	8410	991	D	+	-	0.0	2.000000e-03	0.0	2.000000e-03	
1	1	8433	1000	S	3	2	0.0	1.000000e-03	0.0	1.000000e-03	
1	1	8540	964	S	3	1	0.0	3.000000e-03	0.0	3.000000e-03	
1	1	8551	-88	S	1	0	7.500000e-01	8.030000e-01	7.500000e-01	8.030000e-01	
1	1	8606	976	D	+	-	0.0	7.000000e-03	0.0	7.000000e-03	
1	1	8616	994	D	+	-	0.0	4.000000e-03	0.0	4.000000e-03	
1	1	8651	289	D	+	-	4.166667e-01	3.630000e-01	2.500000e-01	3.630000e-01	
1	1	8653	950	D	+	-	8.333333e-02	5.800000e-02	0.0	5.800000e-02	
1	1	8664	-152	S	1	0	4.166667e-01	3.630000e-01	2.500000e-01	3.630000e-01	
1	1	8676	-1045	S	0	2	4.166667e-01	3.630000e-01	2.500000e-01	3.630000e-01	
1	1	8688	629	D	+	-	2.500000e-01	1.930000e-01	2.500000e-01	1.930000e-01	
1	1	8784	992	D	+	-	0.0	1.000000e-02	0.0	1.000000e-02	
1	1	8822	-94	I	-	+	5.000000e-01	5.170000e-01	7.500000e-01	5.170000e-01	
1	1	8844	682	D	+	-	3.333333e-01	2.710000e-01	2.500000e-01	2.710000e-01	
1	1	8868	-708	D	+	-	8.333333e-02	1.500000e-02	0.0	1.500000e-02	
1	1	8920	-193	D	+	-	4.166667e-01	4.740000e-01	7.500000e-01	4.740000e-01	
1	1	8989	680	I	-	+	1.666667e-01	1.590000e-01	0.0	1.590000e-01	
1	1	8998	535	S	1	2	1.666667e-01	1.590000e-01	0.0	1.590000e-01	
1	1	9025	996	I	-	+	0.0	2.000000e-03	0.0	2.000000e-03	
1	1	9033	-1004	S	3	1	8.333333e-02	2.600000e-02	0.0	2.600000e-02	
1	1	9038	1000	D	+	-	0.0	1.000000e-03	0.0	1.000000e-03	
1	1	9054	1000	D	+	-	0.0	1.000000e-03	0.0	1.000000e-03	
1	1	9079	-1233	S	3	1	1.0	1.0	1.0	1.0	
1	1	9144	59	S	1	2	0.0	1.090000e-01	8.333333e-02	1.090000e-01	
1	1	9148	-384	D	+	-	6.666667e-01	6.120000e-01	7.500000e-01	6.120000e-01	
1	1	9148	383	D	+	-	1.666667e-01	1.250000e-01	0.0	1.250000e-01	
1	1	9173	1000	D	+	-	0.0	1.000000e-03	0.0	1.000000e-03	
1	1	9175	441	D	+	-	0.0	1.090000e-01	8.333333e-02	1.090000e-01	
1	1	9192	991	I	-	+	0.0	1.900000e-02	8.333333e-02	1.900000e-02	
1	1	9233	960	S	0	2	0.0	6.000000e-03	0.0	6.000000e-03	
1	1	9258	-1302	I	-	+	8.333333e-02	1.020000e-01	1.666667e-01	1.020000e-01	
1	1	9266	862	I	-	+	8.333333e-02	1.020000e-01	1.666667e-01	1.020000e-01	
1	1	9329	953	S	1	0	1.666667e-01	9.800000e-02	3.333333e-01	9.800000e-02	
1	1	9358	849	D	+	-	8.333333e-02	1.020000e-01	1.666667e-01	1.020000e-01	
1	1	9368	974	D	+	-	0.0	7.000000e-03	0.0	7.000000e-03	
1	1	9372	66	I	-	+	9.166667e-01	7.940000e-01	7.500000e-01	7.940000e-01	
1	1	9387	-472	D	+	-	9.166667e-01	8.980000e-01	8.333333e-01	8.980000e-01	
1	1	9437	999	D	+	-	0.0	2.000000e-03	0.0	2.000000e-03	
1	1	9458	919	S	1	3	0.0	4.300000e-02	0.0	4.300000e-02	
1	1	9467	-1589	D	+	-	1.0	1.0	1.0	1.0	
1	1	9491	994	D	+	-	0.0	4.000000e-03	0.0	4.000000e-03	
1	1	9510	-1649	D	+	-	1.0	1.0	1.0	1.0	
1	1	9515	863	D	+	-	8.333333e-02	9.600000e-02	1.666667e-01	9.600000e-02	
1	1	9529	281	I	-	+	4.166667e-01	5.420000e-01	6.666667e-01	5.420000e-01	
1	1	9560	987	S	1	3	0.0	1.700000e-02	0.0	1.700000e-02	
1	1	9561	-462	D	+	-	4.166667e-01	5.420000e-01	6.666667e-01	5.420000e-01	
1	1	9575	995	D	+	-	0.0	2.000000e-03	0.0	2.000000e-03	
1	1	9610	-347	D	+	-	3.333333e-01	5.080000e-01	6.666667e-01	5.080000e-01	
1	1	9614	943	S	2	3	0.0	1.300000e-02	0.0	1.300000e-02	
1	1	9648	771	D	+	-	0.0	1.600000e-02	0.0	1.600000e-02	
1	1	9681	990	D	+	-	0.0	7.000000e-03	0.0	7.000000e-03	
1	1	9683	461	D	+	-	1.666667e-01	1.780000e-01	1.666667e-01	1.780000e-01	
1	1	9697	976	S	0	3	0.0	2.000000e-02	0.0	2.000000e-02	
1	1	9700	920	D	+	-	0.0	4.100000e-02	8.333333e-02	4.100000e-02	
1	1	9701	584	S	2	1	3.333333e-01	4.260000e-01	5.833333e-01	4.260000e-01	
1	1	9721	507	D	+	-	1.666667e-01	1.780000e-01	1.666667e-01	1.780000e-01	
1	1	9722	-1767	S	0	2	1.0	1.0	1.0	1.0	
1	1	9752	1000	I	-	+	0.0	1.000000e-03	0.0	1.000000e-03	
1	1	9763	-362	S	0	1	1.0	1.0	1.0	1.0	
1	1	9774	999	I	-	+	0.0	1.000000e-03	0.0	1.000000e-03	
1	1	9784	66	S	1	0	3.333333e-01	5.080000e-01	6.666667e-01	5.080000e-01	
1	1	9829	327	D	+	-	5.000000e-01	3.930000e-01	2.500000e-01	3.930000e-01	
1	1	9847	985	D	+	-	0.0	5.000000e-03	0.0	5.000000e-03	
1	1	9851	-1781	D	+	-	1.0	1.0	1.0	1.0	
1	1	9862	708	I	-	+	3.333333e-01	5.110000e-01	6.666667e-01	5.110000e-01	
1	1	9874	996	D	+	-	0.0	1.000000e-03	0.0	1.000000e-03	
1	1	9893	-1274	D	+	-	1.0	1.0	1.0	1.0	
1	1	9908	360	D	+	-	5.000000e-01	3.540000e-01	2.500000e-01	3.540000e-01	
